Day,Time,Temperature_F,Dew_Point_F,Humidity_percent,Wind,Wind_Speed_MPH,Wind_Gust_MPH,Pressure_IN,Precipitation_IN,Condition
10/29/2019,12:03 AM,58,51,76,E,3,0,30.19,0,Cloudy
10/29/2019,12:23 AM,58,50,75,CALM,0,0,30.19,0,Cloudy
10/29/2019,12:43 AM,58,50,75,CALM,0,0,30.19,0,Cloudy
10/29/2019,1:03 AM,58,50,75,CALM,0,0,30.2,0,Cloudy
10/29/2019,1:23 AM,58,50,75,CALM,0,0,30.2,0,Cloudy
10/29/2019,1:43 AM,58,50,76,CALM,0,0,30.2,0,Cloudy
10/29/2019,2:03 AM,57,50,77,CALM,0,0,30.2,0,Cloudy
10/29/2019,2:23 AM,56,50,78,CALM,0,0,30.2,0,Cloudy
10/29/2019,2:43 AM,56,49,79,CALM,0,0,30.2,0,Mostly Cloudy
10/29/2019,3:03 AM,55,49,81,CALM,0,0,30.19,0,Partly Cloudy
10/29/2019,3:23 AM,53,49,84,CALM,0,0,30.19,0,Fair
10/29/2019,3:43 AM,53,50,90,CALM,0,0,30.19,0,Partly Cloudy
10/29/2019,4:03 AM,53,52,94,E,3,0,30.19,0,Cloudy
10/29/2019,4:23 AM,55,53,94,CALM,0,0,30.19,0,Cloudy
10/29/2019,4:43 AM,55,50,83,E,3,0,30.19,0,Cloudy
10/29/2019,5:03 AM,55,48,78,CALM,0,0,30.19,0,Cloudy
10/29/2019,5:23 AM,55,48,79,ENE,3,0,30.2,0,Cloudy
10/29/2019,5:43 AM,55,48,77,E,3,0,30.19,0,Cloudy
10/29/2019,6:03 AM,55,48,76,E,3,0,30.19,0,Cloudy
10/29/2019,6:43 AM,55,48,78,CALM,0,0,30.2,0,Cloudy
10/29/2019,7:03 AM,55,48,77,CALM,0,0,30.2,0,Cloudy
10/29/2019,7:23 AM,56,49,78,CALM,0,0,30.21,0,Cloudy
10/29/2019,7:43 AM,56,49,76,CALM,0,0,30.22,0,Cloudy
10/29/2019,8:03 AM,57,49,75,CALM,0,0,30.23,0,Cloudy
10/29/2019,8:23 AM,57,49,75,CALM,0,0,30.23,0,Cloudy
10/29/2019,8:43 AM,57,50,75,N,3,0,30.23,0,Cloudy
10/29/2019,9:03 AM,58,50,75,CALM,0,0,30.23,0,Cloudy
10/29/2019,9:23 AM,59,50,73,CALM,0,0,30.23,0,Cloudy
10/29/2019,9:43 AM,60,50,71,CALM,0,0,30.23,0,Cloudy
10/29/2019,10:03 AM,61,50,67,CALM,0,0,30.23,0,Cloudy
10/29/2019,10:23 AM,61,49,65,CALM,0,0,30.23,0,Cloudy
10/29/2019,10:43 AM,62,49,62,SSE,5,0,30.23,0,Cloudy
10/29/2019,11:03 AM,62,47,57,SSE,3,0,30.23,0,Cloudy
10/29/2019,11:23 AM,63,47,57,E,5,0,30.23,0,Cloudy
10/29/2019,11:43 AM,63,48,57,CALM,0,0,30.21,0,Cloudy
10/29/2019,12:03 PM,63,47,56,SSE,3,0,30.21,0,Cloudy
10/29/2019,12:23 PM,64,47,56,CALM,0,0,30.2,0,Cloudy
10/29/2019,12:43 PM,64,48,56,SE,5,0,30.2,0,Cloudy
10/29/2019,1:03 PM,64,48,57,CALM,0,0,30.19,0,Cloudy
10/29/2019,1:23 PM,64,48,56,SSE,5,0,30.19,0,Cloudy
10/29/2019,1:43 PM,64,48,56,CALM,0,0,30.18,0,Cloudy
10/29/2019,2:03 PM,65,49,56,SSW,5,0,30.18,0,Cloudy
10/29/2019,2:23 PM,64,49,56,SW,5,0,30.18,0,Cloudy
10/29/2019,2:43 PM,65,49,56,CALM,0,0,30.18,0,Cloudy
10/29/2019,3:03 PM,65,49,57,S,3,0,30.18,0,Cloudy
10/29/2019,3:23 PM,65,49,57,CALM,0,0,30.18,0,Cloudy
10/29/2019,3:43 PM,65,49,57,CALM,0,0,30.18,0,Cloudy
10/29/2019,4:03 PM,64,49,57,CALM,0,0,30.19,0,Cloudy
10/29/2019,4:23 PM,64,49,57,CALM,0,0,30.19,0,Cloudy
10/29/2019,4:43 PM,64,49,58,CALM,0,0,30.19,0,Cloudy
10/29/2019,5:03 PM,63,50,63,CALM,0,0,30.19,0,Cloudy
10/29/2019,5:23 PM,63,49,62,ESE,5,0,30.19,0,Cloudy
10/29/2019,5:43 PM,62,49,63,ESE,5,0,30.19,0,Cloudy
10/29/2019,6:03 PM,61,49,64,CALM,0,0,30.2,0,Cloudy
10/29/2019,6:23 PM,61,49,65,CALM,0,0,30.2,0,Cloudy
10/29/2019,6:43 PM,61,49,65,CALM,0,0,30.2,0,Cloudy
10/29/2019,7:03 PM,60,49,67,CALM,0,0,30.2,0,Cloudy
10/29/2019,7:23 PM,59,49,71,CALM,0,0,30.2,0,Cloudy
10/29/2019,7:43 PM,59,50,73,CALM,0,0,30.2,0,Cloudy
10/29/2019,8:03 PM,59,50,72,CALM,0,0,30.21,0,Cloudy
10/29/2019,8:23 PM,58,50,74,CALM,0,0,30.21,0,Cloudy
10/29/2019,8:43 PM,57,50,76,CALM,0,0,30.21,0,Cloudy
10/29/2019,9:03 PM,57,50,78,CALM,0,0,30.21,0,Cloudy
10/29/2019,9:23 PM,56,50,78,CALM,0,0,30.21,0,Mostly Cloudy
10/29/2019,9:43 PM,55,49,80,CALM,0,0,30.21,0,Partly Cloudy
10/29/2019,10:03 PM,55,49,83,CALM,0,0,30.21,0,Fair
10/29/2019,10:23 PM,54,50,87,CALM,0,0,30.21,0,Fair
10/29/2019,10:43 PM,54,52,94,CALM,0,0,30.21,0,Fair
10/29/2019,11:03 PM,53,51,94,CALM,0,0,30.21,0,Fair
10/29/2019,11:23 PM,53,51,94,CALM,0,0,30.22,0,Fair
10/29/2019,11:43 PM,53,51,94,CALM,0,0,30.22,0,Mostly Cloudy
10/30/2019,12:03 AM,54,52,94,CALM,0,0,30.22,0,Cloudy
10/30/2019,12:23 AM,54,52,94,CALM,0,0,30.21,0,Cloudy
10/30/2019,12:43 AM,55,53,94,CALM,0,0,30.21,0,Cloudy
10/30/2019,1:03 AM,55,53,94,CALM,0,0,30.21,0,Cloudy
10/30/2019,1:23 AM,55,53,92,CALM,0,0,30.21,0,Cloudy
10/30/2019,1:43 AM,55,51,87,CALM,0,0,30.2,0,Cloudy
10/30/2019,2:03 AM,55,51,85,CALM,0,0,30.2,0,Cloudy
10/30/2019,2:23 AM,56,51,84,CALM,0,0,30.2,0,Cloudy
10/30/2019,2:43 AM,56,51,84,CALM,0,0,30.2,0,Cloudy
10/30/2019,3:03 AM,56,51,82,CALM,0,0,30.2,0,Cloudy
10/30/2019,3:23 AM,56,51,82,CALM,0,0,30.2,0,Cloudy
10/30/2019,3:43 AM,56,51,81,CALM,0,0,30.2,0,Cloudy
10/30/2019,4:03 AM,56,51,83,CALM,0,0,30.2,0,Cloudy
10/30/2019,4:23 AM,56,52,85,CALM,0,0,30.2,0,Cloudy
10/30/2019,4:43 AM,57,51,82,CALM,0,0,30.2,0,Cloudy
10/30/2019,5:03 AM,57,51,83,CALM,0,0,30.2,0,Cloudy
10/30/2019,5:23 AM,57,51,81,CALM,0,0,30.21,0,Cloudy
10/30/2019,5:43 AM,57,52,85,CALM,0,0,30.21,0,Cloudy
10/30/2019,6:03 AM,56,53,89,CALM,0,0,30.21,0,Cloudy
10/30/2019,6:23 AM,56,53,89,CALM,0,0,30.21,0,Cloudy
10/30/2019,6:43 AM,56,53,88,CALM,0,0,30.22,0,Cloudy
10/30/2019,7:03 AM,56,54,91,CALM,0,0,30.22,0,Cloudy
10/30/2019,7:23 AM,57,54,90,CALM,0,0,30.22,0,Mostly Cloudy
10/30/2019,7:43 AM,57,53,87,CALM,0,0,30.23,0,Cloudy
10/30/2019,8:03 AM,58,52,79,CALM,0,0,30.23,0,Cloudy
10/30/2019,8:23 AM,58,51,77,CALM,0,0,30.23,0,Mostly Cloudy
10/30/2019,8:43 AM,60,51,73,CALM,0,0,30.23,0,Mostly Cloudy
10/30/2019,9:03 AM,61,51,70,CALM,0,0,30.23,0,Mostly Cloudy
10/30/2019,9:23 AM,62,51,67,CALM,0,0,30.23,0,Cloudy
10/30/2019,9:43 AM,62,50,65,CALM,0,0,30.22,0,Mostly Cloudy
10/30/2019,10:03 AM,63,50,64,CALM,0,0,30.22,0,Partly Cloudy
10/30/2019,10:23 AM,63,51,64,CALM,0,0,30.21,0,Mostly Cloudy
10/30/2019,10:43 AM,64,51,64,CALM,0,0,30.22,0,Cloudy
10/30/2019,11:03 AM,63,51,65,CALM,0,0,30.2,0,Partly Cloudy
10/30/2019,11:23 AM,64,51,64,CALM,0,0,30.19,0,Partly Cloudy
10/30/2019,11:43 AM,64,51,64,CALM,0,0,30.18,0,Partly Cloudy
10/30/2019,12:03 PM,64,52,65,CALM,0,0,30.17,0,Partly Cloudy
10/30/2019,12:23 PM,64,52,64,CALM,0,0,30.16,0,Fair
10/30/2019,12:43 PM,65,52,63,CALM,0,0,30.15,0,Fair
10/30/2019,1:03 PM,65,53,63,E,5,0,30.14,0,Partly Cloudy
10/30/2019,1:20 PM,66,52,61,CALM,0,0,30.13,0,Mostly Cloudy
10/30/2019,1:23 PM,66,52,60,E,3,0,30.13,0,Mostly Cloudy
10/30/2019,1:28 PM,66,52,61,SE,5,0,30.13,0,Mostly Cloudy
10/30/2019,1:43 PM,65,52,62,CALM,0,0,30.13,0,Mostly Cloudy
10/30/2019,1:52 PM,65,52,62,E,3,0,30.12,0,Mostly Cloudy
10/30/2019,2:01 PM,65,52,62,SSE,3,0,30.13,0,Mostly Cloudy
10/30/2019,2:13 PM,65,52,62,SSE,3,0,30.12,0,Cloudy
10/30/2019,2:23 PM,65,52,62,SSE,3,0,30.12,0,Cloudy
10/30/2019,2:43 PM,65,52,62,CALM,0,0,30.12,0,Cloudy
10/30/2019,3:03 PM,65,53,65,CALM,0,0,30.12,0,Cloudy
10/30/2019,3:23 PM,65,53,65,ESE,3,0,30.12,0,Cloudy
10/30/2019,3:43 PM,64,53,66,SE,3,0,30.11,0,Cloudy
10/30/2019,4:03 PM,64,53,67,CALM,0,0,30.12,0,Cloudy
10/30/2019,4:23 PM,64,53,68,SE,3,0,30.11,0,Cloudy
10/30/2019,4:43 PM,63,52,68,SE,6,0,30.11,0,Cloudy
10/30/2019,5:03 PM,63,53,71,CALM,0,0,30.1,0,Cloudy
10/30/2019,5:23 PM,61,54,77,CALM,0,0,30.1,0,Cloudy
10/30/2019,5:43 PM,60,54,81,CALM,0,0,30.1,0,Cloudy
10/30/2019,6:03 PM,59,55,85,CALM,0,0,30.1,0,Cloudy
10/30/2019,6:23 PM,59,56,90,CALM,0,0,30.09,0,Cloudy
10/30/2019,6:43 PM,59,57,93,CALM,0,0,30.08,0,Cloudy
10/30/2019,7:00 PM,59,57,94,CALM,0,0,30.09,0,Cloudy
10/30/2019,7:03 PM,59,57,94,CALM,0,0,30.08,0,Cloudy
10/30/2019,7:21 PM,59,57,93,CALM,0,0,30.07,0,Cloudy
10/30/2019,7:39 PM,59,57,94,CALM,0,0,30.07,0,Cloudy
10/30/2019,7:51 PM,59,57,94,CALM,0,0,30.07,0,Cloudy
10/30/2019,8:16 PM,59,57,94,CALM,0,0,30.06,0,Cloudy
10/30/2019,8:30 PM,59,57,94,CALM,0,0,30.06,0,Cloudy
10/30/2019,8:41 PM,59,57,93,SSE,3,0,30.06,0,Cloudy
10/30/2019,9:00 PM,59,57,93,CALM,0,0,30.06,0,Cloudy
10/30/2019,9:20 PM,59,57,94,CALM,0,0,30.05,0,Cloudy
10/30/2019,9:41 PM,59,57,93,CALM,0,0,30.04,0,Cloudy
10/30/2019,10:00 PM,59,57,94,CALM,0,0,30.04,0,Cloudy
10/30/2019,10:20 PM,59,57,93,CALM,0,0,30.03,0,Cloudy
10/30/2019,10:40 PM,59,57,94,CALM,0,0,30.02,0,Cloudy
10/30/2019,11:00 PM,59,57,94,CALM,0,0,30,0,Cloudy
10/30/2019,11:20 PM,0,0,0,SSE,3,0,30,0,Cloudy
10/30/2019,11:35 PM,0,0,0,CALM,0,0,29.99,0,Cloudy
10/31/2019,12:00 AM,60,58,94,CALM,0,0,29.99,0,Cloudy
10/31/2019,12:20 AM,0,0,0,CALM,0,0,29.98,0,Cloudy
10/31/2019,12:38 AM,0,0,0,CALM,0,0,29.97,0,Cloudy
10/31/2019,1:00 AM,0,0,0,CALM,0,0,29.97,0,Cloudy
10/31/2019,1:21 AM,0,0,0,CALM,0,0,29.96,0,Cloudy
10/31/2019,1:41 AM,0,0,0,CALM,0,0,29.95,0,Cloudy
10/31/2019,2:01 AM,0,0,0,CALM,0,0,29.94,0,Cloudy
10/31/2019,2:20 AM,0,0,0,CALM,0,0,29.93,0,Cloudy
10/31/2019,2:28 AM,0,0,0,CALM,0,0,29.93,0,Cloudy
10/31/2019,3:00 AM,0,0,0,CALM,0,0,29.91,0,Cloudy
10/31/2019,3:17 AM,0,0,0,CALM,0,0,29.9,0,Cloudy
10/31/2019,3:41 AM,0,0,0,CALM,0,0,29.89,0,Cloudy
10/31/2019,3:57 AM,0,0,0,SSE,3,0,29.89,0,Cloudy
10/31/2019,4:16 AM,0,0,0,CALM,0,0,29.88,0,Cloudy
10/31/2019,4:41 AM,0,0,0,CALM,0,0,29.88,0,Cloudy
10/31/2019,4:57 AM,0,0,0,CALM,0,0,29.88,0,Cloudy
10/31/2019,5:18 AM,0,0,0,S,7,0,29.87,0,Cloudy
10/31/2019,5:38 AM,0,0,0,SSW,3,0,29.87,0,Cloudy
10/31/2019,5:58 AM,0,0,0,S,6,0,29.86,0,Cloudy
10/31/2019,6:19 AM,0,0,0,CALM,0,0,29.86,0,Cloudy
10/31/2019,6:40 AM,0,0,0,S,5,0,29.85,0,Cloudy
10/31/2019,7:00 AM,0,0,0,S,5,0,29.86,0,Cloudy
10/31/2019,7:21 AM,67,65,93,S,5,0,29.85,0,Cloudy
10/31/2019,7:40 AM,68,66,93,S,7,0,29.85,0,Cloudy
10/31/2019,8:01 AM,68,66,93,S,6,0,29.85,0,Cloudy
10/31/2019,8:21 AM,69,67,94,S,5,0,29.85,0,Cloudy
10/31/2019,8:37 AM,69,67,93,S,7,0,29.83,0,Cloudy
10/31/2019,9:00 AM,69,67,93,S,8,0,29.83,0,Cloudy
10/31/2019,9:19 AM,70,67,91,S,6,0,29.82,0,Cloudy
10/31/2019,9:41 AM,70,67,91,S,10,0,29.82,0,Cloudy
10/31/2019,9:59 AM,70,65,83,S,8,0,29.81,0,Cloudy
10/31/2019,10:21 AM,70,65,82,SSE,6,0,29.8,0,Cloudy
10/31/2019,10:41 AM,71,64,80,S,6,0,29.8,0,Cloudy
10/31/2019,10:47 AM,71,64,80,S,7,0,29.8,0,Cloudy
10/31/2019,11:21 AM,71,65,81,S,7,0,29.78,0,Cloudy
10/31/2019,11:39 AM,70,66,87,S,8,0,29.76,0,Cloudy
10/31/2019,11:59 AM,71,67,88,S,7,0,29.75,0,Cloudy
10/31/2019,12:20 PM,71,67,86,S,9,0,29.73,0,Cloudy
10/31/2019,12:38 PM,71,67,86,S,8,16,29.72,0,Cloudy
10/31/2019,12:59 PM,72,66,82,S,10,0,29.69,0,Cloudy
10/31/2019,1:20 PM,73,65,77,S,9,21,29.67,0,Cloudy
10/31/2019,1:34 PM,73,65,76,S,9,17,29.66,0,Cloudy
10/31/2019,1:59 PM,74,65,74,S,12,17,29.65,0,Cloudy
10/31/2019,2:18 PM,75,65,72,S,13,20,29.65,0,Cloudy
10/31/2019,2:39 PM,76,65,71,S,15,23,29.63,0,Cloudy
10/31/2019,3:00 PM,77,66,69,S,13,22,29.62,0,Cloudy
10/31/2019,3:21 PM,76,65,69,S,9,21,29.62,0,Cloudy
10/31/2019,3:41 PM,77,65,67,S,10,20,29.61,0,Cloudy
10/31/2019,3:59 PM,77,65,67,S,10,18,29.6,0,Mostly Cloudy
10/31/2019,4:16 PM,77,65,68,SSE,8,18,29.58,0,Mostly Cloudy
10/31/2019,4:41 PM,77,65,67,SSE,7,17,29.57,0,Mostly Cloudy
10/31/2019,5:00 PM,77,65,67,S,8,21,29.56,0,Fair
10/31/2019,5:17 PM,77,65,66,SSE,13,20,29.55,0,Fair
10/31/2019,5:39 PM,77,65,65,SSE,8,21,29.54,0,Partly Cloudy
10/31/2019,6:00 PM,77,65,66,SSE,15,22,29.53,0,Cloudy
10/31/2019,6:20 PM,77,65,65,S,15,25,29.51,0,Cloudy
10/31/2019,6:39 PM,77,65,65,S,18,26,29.5,0,Mostly Cloudy
10/31/2019,6:57 PM,77,65,65,SSE,14,25,29.49,0,Partly Cloudy
10/31/2019,7:18 PM,77,65,65,S,12,31,29.47,0,Mostly Cloudy
10/31/2019,7:41 PM,78,64,64,S,15,37,29.46,0,Mostly Cloudy
10/31/2019,8:01 PM,77,65,66,S,14,31,29.47,0,Mostly Cloudy
10/31/2019,8:19 PM,75,65,71,S,12,20,29.46,0,Mostly Cloudy
10/31/2019,8:40 PM,75,65,73,S,15,28,29.47,0,Cloudy
10/31/2019,9:01 PM,73,66,78,SSW,9,21,29.49,0,Cloudy
10/31/2019,9:21 PM,72,66,81,W,17,25,29.53,0,Cloudy
10/31/2019,9:35 PM,58,52,79,WNW,15,32,29.59,0,Cloudy
10/31/2019,10:01 PM,56,49,79,WNW,13,23,29.63,0,Cloudy
10/31/2019,10:19 PM,55,48,77,WNW,13,22,29.66,0,Cloudy
10/31/2019,10:40 PM,55,45,69,W,12,22,29.68,0,Cloudy
10/31/2019,10:56 PM,52,42,69,W,13,35,29.72,0,Cloudy
10/31/2019,11:03 PM,51,42,71,W,9,24,29.74,0,Cloudy
10/31/2019,11:23 PM,50,41,72,WNW,8,0,29.75,0,Cloudy
10/31/2019,11:43 PM,49,40,71,WNW,8,0,29.75,0,Cloudy
11/1/2019,12:03 AM,50,35,57,W,14,24,29.76,0,Cloudy
11/1/2019,12:23 AM,50,31,49,WNW,8,24,29.78,0,Cloudy
11/1/2019,12:43 AM,49,30,48,W,14,22,29.79,0,Partly Cloudy
11/1/2019,1:03 AM,48,29,47,W,17,26,29.82,0,Fair
11/1/2019,1:23 AM,47,27,45,WNW,18,30,29.84,0,Fair
11/1/2019,1:43 AM,46,26,46,W,13,38,29.86,0,Fair
11/1/2019,2:03 AM,45,26,47,W,17,31,29.88,0,Fair
11/1/2019,2:23 AM,44,26,48,WNW,8,25,29.9,0,Fair
11/1/2019,2:43 AM,44,26,48,W,20,29,29.91,0,Fair
11/1/2019,3:03 AM,44,26,49,W,10,24,29.93,0,Fair
11/1/2019,3:23 AM,44,26,49,WNW,12,20,29.95,0,Fair
11/1/2019,3:43 AM,44,26,49,WNW,12,20,29.96,0,Fair
11/1/2019,4:03 AM,43,26,50,W,5,0,29.98,0,Fair
11/1/2019,4:23 AM,43,26,51,W,7,0,29.99,0,Fair
11/1/2019,4:43 AM,43,27,53,W,5,0,30,0,Fair
11/1/2019,5:03 AM,42,27,54,W,5,0,30.02,0,Fair
11/1/2019,5:23 AM,43,27,53,WNW,5,0,30.03,0,Fair
11/1/2019,5:43 AM,43,26,52,WNW,9,16,30.04,0,Fair
11/1/2019,6:03 AM,42,26,52,W,8,0,30.06,0,Fair
11/1/2019,6:23 AM,43,26,51,WSW,3,0,30.08,0,Fair
11/1/2019,6:43 AM,42,26,52,W,7,0,30.08,0,Mostly Cloudy
11/1/2019,7:03 AM,43,26,52,W,5,0,30.08,0,Partly Cloudy
11/1/2019,7:23 AM,43,26,51,WSW,3,0,30.09,0,Fair
11/1/2019,7:43 AM,44,26,49,W,10,18,30.09,0,Fair
11/1/2019,8:03 AM,45,26,48,WNW,5,0,30.11,0,Fair
11/1/2019,8:23 AM,46,26,47,WNW,6,0,30.12,0,Fair
11/1/2019,8:43 AM,46,26,45,WNW,9,20,30.12,0,Fair
11/1/2019,9:03 AM,47,26,45,WNW,10,17,30.13,0,Fair
11/1/2019,9:23 AM,47,26,43,NW,14,20,30.14,0,Fair
11/1/2019,9:43 AM,48,26,43,NW,9,18,30.15,0,Fair
11/1/2019,10:03 AM,49,27,42,W,13,0,30.16,0,Partly Cloudy
11/1/2019,10:23 AM,48,25,41,WNW,12,21,30.17,0,Partly Cloudy
11/1/2019,10:43 AM,48,26,42,WNW,8,20,30.18,0,Partly Cloudy
11/1/2019,11:03 AM,49,26,41,WNW,10,0,30.19,0,Partly Cloudy
11/1/2019,11:23 AM,49,26,40,WNW,14,20,30.18,0,Partly Cloudy
11/1/2019,11:43 AM,49,26,39,NW,14,22,30.18,0,Partly Cloudy
11/1/2019,12:03 PM,50,26,39,WSW,10,18,30.18,0,Fair
11/1/2019,12:23 PM,50,26,39,WNW,10,16,30.18,0,Fair
11/1/2019,12:43 PM,50,26,39,NW,7,16,30.17,0,Fair
11/1/2019,1:03 PM,51,26,38,NW,9,16,30.17,0,Fair
11/1/2019,1:23 PM,51,26,37,NW,6,16,30.17,0,Fair
11/1/2019,1:43 PM,51,25,35,W,7,0,30.17,0,Fair
11/1/2019,2:03 PM,52,24,34,WNW,7,0,30.17,0,Fair
11/1/2019,2:23 PM,52,24,34,W,8,0,30.17,0,Fair
11/1/2019,2:43 PM,51,23,33,NW,10,20,30.18,0,Fair
11/1/2019,3:03 PM,52,23,33,NW,10,16,30.18,0,Fair
11/1/2019,3:23 PM,51,23,34,NW,12,0,30.19,0,Fair
11/1/2019,3:43 PM,51,24,35,WNW,8,16,30.19,0,Fair
11/1/2019,4:03 PM,51,24,35,NW,7,0,30.2,0,Fair
11/1/2019,4:23 PM,50,24,36,NNW,8,0,30.2,0,Fair
11/1/2019,4:43 PM,49,24,38,NNW,5,0,30.21,0,Fair
11/1/2019,5:03 PM,48,24,39,NNW,6,0,30.21,0,Fair
11/1/2019,5:23 PM,48,24,39,NW,6,0,30.22,0,Fair
11/1/2019,5:43 PM,47,24,41,CALM,0,0,30.22,0,Fair
11/1/2019,6:03 PM,47,24,41,NNW,3,0,30.23,0,Fair
11/1/2019,6:23 PM,46,24,41,NNW,3,0,30.23,0,Fair
11/1/2019,6:43 PM,46,24,43,NNW,5,0,30.24,0,Fair
11/1/2019,7:03 PM,45,24,45,CALM,0,0,30.24,0,Fair
11/1/2019,7:23 PM,43,26,50,NNW,3,0,30.24,0,Fair
11/1/2019,7:43 PM,41,30,65,CALM,0,0,30.24,0,Fair
11/1/2019,8:03 PM,40,30,67,CALM,0,0,30.24,0,Fair
11/1/2019,8:23 PM,39,30,71,CALM,0,0,30.24,0,Fair
11/1/2019,8:43 PM,38,30,75,CALM,0,0,30.24,0,Fair
11/1/2019,9:03 PM,38,31,76,CALM,0,0,30.25,0,Fair
11/1/2019,9:23 PM,37,31,78,CALM,0,0,30.25,0,Fair
11/1/2019,9:43 PM,37,31,80,CALM,0,0,30.25,0,Fair
11/1/2019,10:03 PM,37,31,80,CALM,0,0,30.25,0,Fair
11/1/2019,10:23 PM,36,31,81,CALM,0,0,30.25,0,Fair
11/1/2019,10:43 PM,36,31,82,CALM,0,0,30.24,0,Fair
11/1/2019,11:03 PM,35,30,82,CALM,0,0,30.24,0,Fair
11/1/2019,11:23 PM,35,30,82,CALM,0,0,30.24,0,Fair
11/1/2019,11:43 PM,35,29,81,CALM,0,0,30.24,0,Fair
11/2/2019,12:03 AM,34,29,83,CALM,0,0,30.24,0,Fair
11/2/2019,12:23 AM,34,29,82,CALM,0,0,30.24,0,Fair
11/2/2019,12:43 AM,34,30,84,CALM,0,0,30.24,0,Fair
11/2/2019,1:03 AM,34,29,84,CALM,0,0,30.24,0,Fair
11/2/2019,1:23 AM,34,29,82,CALM,0,0,30.23,0,Fair
11/2/2019,1:43 AM,33,29,84,CALM,0,0,30.23,0,Fair
11/2/2019,2:03 AM,33,28,84,CALM,0,0,30.22,0,Fair
11/2/2019,2:23 AM,33,29,85,CALM,0,0,30.22,0,Fair
11/2/2019,2:43 AM,32,28,85,CALM,0,0,30.22,0,Fair
11/2/2019,3:03 AM,32,28,85,CALM,0,0,30.22,0,Fair
11/2/2019,3:23 AM,32,28,85,CALM,0,0,30.23,0,Fair
11/2/2019,3:43 AM,32,28,87,CALM,0,0,30.23,0,Fair
11/2/2019,4:03 AM,31,28,86,CALM,0,0,30.23,0,Fair
11/2/2019,4:23 AM,31,28,86,CALM,0,0,30.24,0,Fair
11/2/2019,4:43 AM,31,28,88,CALM,0,0,30.23,0,Fair
11/2/2019,5:03 AM,31,28,90,CALM,0,0,30.23,0,Fair
11/2/2019,5:23 AM,31,28,90,CALM,0,0,30.22,0,Fair
11/2/2019,5:43 AM,30,28,92,CALM,0,0,30.21,0,Fair
11/2/2019,6:03 AM,31,29,94,CALM,0,0,30.2,0,Fair
11/2/2019,6:23 AM,31,29,94,CALM,0,0,30.2,0,Fair
11/2/2019,6:43 AM,31,29,93,CALM,0,0,30.21,0,Fair
11/2/2019,7:03 AM,31,29,94,CALM,0,0,30.21,0,Fair
11/2/2019,7:23 AM,31,30,94,CALM,0,0,30.21,0,Fair
11/2/2019,7:43 AM,33,32,96,CALM,0,0,30.22,0,Fair
11/2/2019,8:03 AM,36,33,90,CALM,0,0,30.22,0,Fair
11/2/2019,8:23 AM,38,31,76,CALM,0,0,30.21,0,Fair
11/2/2019,8:43 AM,39,28,64,CALM,0,0,30.21,0,Fair
11/2/2019,9:03 AM,41,29,62,CALM,0,0,30.2,0,Fair
11/2/2019,9:23 AM,42,28,57,CALM,0,0,30.19,0,Fair
11/2/2019,9:43 AM,44,26,50,CALM,0,0,30.19,0,Fair
11/2/2019,10:03 AM,44,26,49,CALM,0,0,30.18,0,Fair
11/2/2019,10:23 AM,45,26,48,CALM,0,0,30.17,0,Fair
11/2/2019,10:43 AM,46,27,46,CALM,0,0,30.17,0,Fair
11/2/2019,11:03 AM,47,25,43,CALM,0,0,30.16,0,Fair
11/2/2019,11:23 AM,48,27,44,WSW,3,0,30.15,0,Fair
11/2/2019,11:43 AM,48,25,41,CALM,0,0,30.13,0,Fair
11/2/2019,12:03 PM,49,25,40,CALM,0,0,30.12,0,Fair
11/2/2019,12:23 PM,50,24,37,CALM,0,0,30.1,0,Fair
11/2/2019,12:43 PM,50,23,35,CALM,0,0,30.09,0,Fair
11/2/2019,1:03 PM,51,24,35,SSW,3,0,30.08,0,Fair
11/2/2019,1:23 PM,52,25,36,S,6,0,30.07,0,Fair
11/2/2019,1:43 PM,52,26,36,S,7,0,30.07,0,Fair
11/2/2019,2:03 PM,52,26,36,CALM,0,0,30.06,0,Fair
11/2/2019,2:23 PM,52,27,37,SSW,3,0,30.05,0,Fair
11/2/2019,2:43 PM,52,27,37,WSW,3,0,30.05,0,Fair
11/2/2019,3:03 PM,52,26,36,CALM,0,0,30.05,0,Fair
11/2/2019,3:23 PM,52,26,37,CALM,0,0,30.04,0,Fair
11/2/2019,3:43 PM,52,26,35,CALM,0,0,30.03,0,Fair
11/2/2019,4:03 PM,52,26,37,CALM,0,0,30.03,0,Fair
11/2/2019,4:23 PM,52,27,38,CALM,0,0,30.03,0,Fair
11/2/2019,4:43 PM,51,26,38,CALM,0,0,30.03,0,Fair
11/2/2019,5:03 PM,50,28,43,CALM,0,0,30.03,0,Fair
11/2/2019,5:23 PM,46,32,58,CALM,0,0,30.04,0,Fair
11/2/2019,5:43 PM,45,31,58,CALM,0,0,30.04,0,Fair
11/2/2019,6:03 PM,43,32,65,CALM,0,0,30.05,0,Fair
11/2/2019,6:23 PM,42,33,69,CALM,0,0,30.05,0,Fair
11/2/2019,6:43 PM,42,32,68,CALM,0,0,30.05,0,Fair
11/2/2019,7:03 PM,40,32,72,CALM,0,0,30.05,0,Fair
11/2/2019,7:23 PM,39,32,75,CALM,0,0,30.05,0,Fair
11/2/2019,7:43 PM,39,32,77,CALM,0,0,30.05,0,Fair
11/2/2019,8:03 PM,38,32,78,CALM,0,0,30.05,0,Fair
11/2/2019,8:23 PM,38,32,80,CALM,0,0,30.06,0,Fair
11/2/2019,8:43 PM,37,32,82,CALM,0,0,30.06,0,Fair
11/2/2019,9:03 PM,37,32,83,CALM,0,0,30.06,0,Fair
11/2/2019,9:23 PM,37,31,81,CALM,0,0,30.06,0,Fair
11/2/2019,9:43 PM,36,32,84,CALM,0,0,30.07,0,Fair
11/2/2019,10:03 PM,36,32,86,CALM,0,0,30.07,0,Fair
11/2/2019,10:23 PM,35,31,85,CALM,0,0,30.07,0,Fair
11/2/2019,10:43 PM,35,32,87,CALM,0,0,30.07,0,Fair
11/2/2019,11:03 PM,35,32,88,CALM,0,0,30.07,0,Fair
11/2/2019,11:23 PM,35,32,89,CALM,0,0,30.07,0,Fair
11/2/2019,11:43 PM,34,32,91,CALM,0,0,30.07,0,Fair
11/3/2019,12:03 AM,34,32,92,CALM,0,0,30.07,0,Fair
11/3/2019,12:23 AM,34,32,92,CALM,0,0,30.07,0,Fair
11/3/2019,12:43 AM,34,32,93,CALM,0,0,30.07,0,Fair
11/3/2019,1:03 AM,34,32,93,CALM,0,0,30.07,0,Fair
11/3/2019,1:23 AM,34,32,93,CALM,0,0,30.07,0,Fair
11/3/2019,1:43 AM,33,32,94,CALM,0,0,30.07,0,Fair
11/3/2019,2:03 AM,33,32,95,CALM,0,0,30.07,0,Fair
11/3/2019,2:23 AM,33,32,95,CALM,0,0,30.07,0,Fair
11/3/2019,2:43 AM,33,32,95,CALM,0,0,30.07,0,Fair
11/3/2019,3:03 AM,32,31,96,CALM,0,0,30.07,0,Fair
11/3/2019,3:23 AM,32,31,95,CALM,0,0,30.06,0,Fair
11/3/2019,3:43 AM,32,31,96,CALM,0,0,30.07,0,Fair
11/3/2019,4:03 AM,32,31,96,CALM,0,0,30.07,0,Fair
11/3/2019,4:23 AM,32,31,96,CALM,0,0,30.08,0,Fair
11/3/2019,4:43 AM,32,31,95,CALM,0,0,30.08,0,Fair
11/3/2019,5:03 AM,32,30,94,CALM,0,0,30.1,0,Fair
11/3/2019,5:23 AM,32,30,93,CALM,0,0,30.1,0,Fair
11/3/2019,5:43 AM,32,31,95,CALM,0,0,30.1,0,Fair
11/3/2019,6:03 AM,31,30,94,CALM,0,0,30.1,0,Fair
11/3/2019,6:23 AM,32,31,94,CALM,0,0,30.11,0,Fair
11/3/2019,6:43 AM,32,30,94,CALM,0,0,30.12,0,Fair
11/3/2019,7:03 AM,32,31,96,CALM,0,0,30.14,0,Fair
11/3/2019,7:23 AM,33,32,95,CALM,0,0,30.15,0,Fair
11/3/2019,7:43 AM,35,33,93,CALM,0,0,30.15,0,Fair
11/3/2019,8:03 AM,37,35,93,CALM,0,0,30.16,0,Fair
11/3/2019,8:23 AM,44,35,71,W,3,0,30.17,0,Fair
11/3/2019,8:43 AM,46,28,49,W,7,0,30.17,0,Fair
11/3/2019,9:03 AM,47,25,43,W,10,16,30.17,0,Fair
11/3/2019,9:23 AM,47,24,41,W,10,0,30.17,0,Fair
11/3/2019,9:43 AM,48,24,39,NW,8,12,30.17,0,Fair
11/3/2019,10:03 AM,49,24,38,W,9,17,30.18,0,Fair
11/3/2019,10:23 AM,49,24,37,NW,12,16,30.17,0,Fair
11/3/2019,10:43 AM,50,24,36,W,6,0,30.17,0,Fair
11/3/2019,11:03 AM,50,23,34,WNW,10,0,30.17,0,Fair
11/3/2019,11:23 AM,51,23,34,W,12,17,30.17,0,Partly Cloudy
11/3/2019,11:43 AM,51,23,34,WNW,13,17,30.16,0,Fair
11/3/2019,12:03 PM,51,23,33,NW,7,0,30.15,0,Fair
11/3/2019,12:23 PM,52,23,33,W,7,18,30.15,0,Partly Cloudy
11/3/2019,12:43 PM,53,23,32,W,9,0,30.14,0,Fair
11/3/2019,1:03 PM,53,21,28,WNW,12,17,30.14,0,Fair
11/3/2019,1:23 PM,53,19,27,W,8,0,30.14,0,Fair
11/3/2019,1:43 PM,53,20,27,W,7,0,30.13,0,Fair
11/3/2019,2:03 PM,53,20,27,WNW,8,0,30.14,0,Fair
11/3/2019,2:23 PM,53,19,26,WNW,10,17,30.13,0,Fair
11/3/2019,2:43 PM,53,19,26,WNW,6,16,30.13,0,Fair
11/3/2019,3:03 PM,53,18,24,W,6,16,30.13,0,Fair
11/3/2019,3:23 PM,54,18,25,NW,9,0,30.14,0,Fair
11/3/2019,3:43 PM,53,18,25,WNW,7,0,30.14,0,Fair
11/3/2019,4:03 PM,53,18,26,W,6,0,30.15,0,Fair
11/3/2019,4:23 PM,52,19,27,NW,3,0,30.15,0,Fair
11/3/2019,4:43 PM,52,19,27,WNW,5,0,30.16,0,Fair
11/3/2019,5:03 PM,51,19,28,CALM,0,0,30.16,0,Fair
11/3/2019,5:23 PM,49,20,31,NNW,3,0,30.16,0,Fair
11/3/2019,5:43 PM,45,25,45,CALM,0,0,30.17,0,Fair
11/3/2019,6:03 PM,44,28,53,CALM,0,0,30.18,0,Fair
11/3/2019,6:23 PM,42,29,60,CALM,0,0,30.18,0,Fair
11/3/2019,6:43 PM,41,28,60,CALM,0,0,30.19,0,Fair
11/3/2019,7:03 PM,40,28,63,CALM,0,0,30.19,0,Fair
11/3/2019,7:23 PM,38,29,69,CALM,0,0,30.2,0,Fair
11/3/2019,7:43 PM,38,28,68,CALM,0,0,30.2,0,Fair
11/3/2019,8:03 PM,37,28,71,CALM,0,0,30.2,0,Fair
11/3/2019,8:23 PM,37,30,76,CALM,0,0,30.2,0,Fair
11/3/2019,8:43 PM,36,28,74,CALM,0,0,30.21,0,Fair
11/3/2019,9:03 PM,36,29,78,CALM,0,0,30.22,0,Fair
11/3/2019,9:23 PM,35,28,77,CALM,0,0,30.22,0,Fair
11/3/2019,9:43 PM,34,29,80,CALM,0,0,30.23,0,Fair
11/3/2019,10:03 PM,34,29,83,CALM,0,0,30.23,0,Fair
11/3/2019,10:23 PM,33,28,82,CALM,0,0,30.23,0,Fair
11/3/2019,10:43 PM,33,28,84,CALM,0,0,30.23,0,Fair
11/3/2019,11:03 PM,33,28,85,CALM,0,0,30.23,0,Fair
11/3/2019,11:23 PM,33,28,85,CALM,0,0,30.24,0,Fair
11/3/2019,11:43 PM,32,28,85,CALM,0,0,30.24,0,Fair
11/4/2019,12:03 AM,32,28,86,CALM,0,0,30.24,0,Fair
11/4/2019,12:23 AM,32,28,87,CALM,0,0,30.25,0,Fair
11/4/2019,12:43 AM,32,29,88,CALM,0,0,30.25,0,Fair
11/4/2019,1:03 AM,32,29,88,CALM,0,0,30.25,0,Fair
11/4/2019,1:23 AM,32,29,88,CALM,0,0,30.26,0,Fair
11/4/2019,1:43 AM,32,29,90,CALM,0,0,30.27,0,Fair
11/4/2019,2:03 AM,31,29,91,CALM,0,0,30.25,0,Fair
11/4/2019,2:23 AM,31,29,92,CALM,0,0,30.25,0,Fair
11/4/2019,2:43 AM,31,29,92,CALM,0,0,30.25,0,Fair
11/4/2019,3:03 AM,31,29,93,CALM,0,0,30.25,0,Fair
11/4/2019,3:23 AM,31,29,94,CALM,0,0,30.26,0,Fair
11/4/2019,3:43 AM,31,29,94,CALM,0,0,30.26,0,Fair
11/4/2019,4:03 AM,31,29,94,CALM,0,0,30.27,0,Fair
11/4/2019,4:23 AM,31,29,94,CALM,0,0,30.27,0,Fair
11/4/2019,4:43 AM,31,29,94,CALM,0,0,30.26,0,Fair
11/4/2019,5:03 AM,31,29,94,CALM,0,0,30.27,0,Fair
11/4/2019,5:23 AM,30,29,94,CALM,0,0,30.27,0,Fair
11/4/2019,5:43 AM,30,29,94,CALM,0,0,30.28,0,Fair
11/4/2019,6:03 AM,30,28,94,CALM,0,0,30.28,0,Fair
11/4/2019,6:23 AM,30,28,94,CALM,0,0,30.28,0,Fair
11/4/2019,6:43 AM,30,28,94,CALM,0,0,30.28,0,Partly Cloudy
11/4/2019,7:03 AM,30,28,94,CALM,0,0,30.29,0,Partly Cloudy
11/4/2019,7:23 AM,31,29,93,CALM,0,0,30.3,0,Fair
11/4/2019,7:43 AM,32,31,95,CALM,0,0,30.3,0,Fair
11/4/2019,8:03 AM,35,33,93,CALM,0,0,30.31,0,Fair
11/4/2019,8:23 AM,38,35,89,CALM,0,0,30.32,0,Fair
11/4/2019,8:43 AM,41,32,70,CALM,0,0,30.31,0,Fair
11/4/2019,9:03 AM,43,32,64,CALM,0,0,30.31,0,Fair
11/4/2019,9:23 AM,47,32,56,CALM,0,0,30.31,0,Fair
11/4/2019,9:43 AM,49,32,51,CALM,0,0,30.31,0,Fair
11/4/2019,10:03 AM,52,31,44,CALM,0,0,30.31,0,Fair
11/4/2019,10:23 AM,54,31,41,SSE,6,0,30.3,0,Fair
11/4/2019,10:43 AM,56,29,36,SSW,8,0,30.3,0,Fair
11/4/2019,11:03 AM,56,28,34,S,9,17,30.29,0,Fair
11/4/2019,11:23 AM,57,28,33,S,7,0,30.27,0,Fair
11/4/2019,11:43 AM,58,28,32,S,6,0,30.26,0,Fair
11/4/2019,12:03 PM,58,27,30,S,7,18,30.25,0,Fair
11/4/2019,12:23 PM,58,27,31,S,7,0,30.24,0,Fair
11/4/2019,12:43 PM,59,25,27,S,8,16,30.24,0,Fair
11/4/2019,1:03 PM,60,27,28,S,7,0,30.23,0,Fair
11/4/2019,1:23 PM,60,25,27,SSE,10,18,30.22,0,Fair
11/4/2019,1:43 PM,60,25,27,S,8,0,30.21,0,Fair
11/4/2019,2:03 PM,60,26,28,S,8,17,30.21,0,Fair
11/4/2019,2:23 PM,60,29,30,S,9,17,30.2,0,Fair
11/4/2019,2:43 PM,60,29,31,S,8,0,30.2,0,Fair
11/4/2019,3:03 PM,60,29,31,S,8,17,30.19,0,Fair
11/4/2019,3:23 PM,59,29,32,SSW,6,18,30.19,0,Fair
11/4/2019,3:43 PM,59,30,34,SSE,9,0,30.19,0,Fair
11/4/2019,4:03 PM,58,31,36,SSE,7,0,30.19,0,Fair
11/4/2019,4:23 PM,58,32,38,S,6,0,30.2,0,Fair
11/4/2019,4:43 PM,57,33,40,SSE,5,0,30.19,0,Fair
11/4/2019,5:03 PM,56,33,41,SSE,5,0,30.19,0,Fair
11/4/2019,5:23 PM,56,34,44,SE,3,0,30.2,0,Fair
11/4/2019,5:43 PM,55,33,44,SSE,5,0,30.2,0,Fair
11/4/2019,6:03 PM,54,33,46,CALM,0,0,30.2,0,Fair
11/4/2019,6:23 PM,53,33,46,CALM,0,0,30.2,0,Fair
11/4/2019,6:43 PM,53,34,49,CALM,0,0,30.2,0,Fair
11/4/2019,7:03 PM,50,35,56,CALM,0,0,30.2,0,Fair
11/4/2019,7:23 PM,47,35,62,CALM,0,0,30.2,0,Fair
11/4/2019,7:43 PM,48,35,61,CALM,0,0,30.2,0,Fair
11/4/2019,8:03 PM,46,37,71,CALM,0,0,30.2,0,Fair
11/4/2019,8:23 PM,46,37,71,CALM,0,0,30.2,0,Fair
11/4/2019,8:43 PM,45,37,72,CALM,0,0,30.2,0,Fair
11/4/2019,9:03 PM,44,37,76,CALM,0,0,30.2,0,Fair
11/4/2019,9:23 PM,43,37,79,CALM,0,0,30.2,0,Fair
11/4/2019,9:43 PM,44,37,78,CALM,0,0,30.2,0,Fair
11/4/2019,10:03 PM,43,37,81,CALM,0,0,30.2,0,Fair
11/4/2019,10:23 PM,42,36,79,CALM,0,0,30.2,0,Fair
11/4/2019,10:43 PM,42,37,81,CALM,0,0,30.2,0,Fair
11/4/2019,11:03 PM,40,35,81,CALM,0,0,30.2,0,Fair
11/4/2019,11:23 PM,41,36,84,CALM,0,0,30.2,0,Fair
11/4/2019,11:43 PM,40,36,85,CALM,0,0,30.2,0,Fair
11/5/2019,12:03 AM,40,37,87,CALM,0,0,0,0,Fair
11/5/2019,12:23 AM,40,36,87,CALM,0,0,30.19,0,Fair
11/5/2019,12:43 AM,39,36,89,CALM,0,0,30.19,0,Fair
11/5/2019,1:03 AM,39,37,93,CALM,0,0,30.18,0,Fair
11/5/2019,1:23 AM,38,37,94,CALM,0,0,30.18,0,Fair
11/5/2019,1:43 AM,39,37,94,CALM,0,0,30.17,0,Fair
11/5/2019,2:03 AM,38,36,94,CALM,0,0,30.17,0,Fair
11/5/2019,2:23 AM,37,36,94,CALM,0,0,30.17,0,Fair
11/5/2019,2:43 AM,38,36,94,CALM,0,0,30.17,0,Fair
11/5/2019,3:03 AM,37,36,93,CALM,0,0,30.16,0,Fair
11/5/2019,3:23 AM,37,35,94,CALM,0,0,30.16,0,Fair
11/5/2019,3:43 AM,37,35,94,CALM,0,0,30.17,0,Fair
11/5/2019,4:03 AM,36,34,93,CALM,0,0,30.16,0,Fair
11/5/2019,4:23 AM,36,34,93,CALM,0,0,30.16,0,Fair
11/5/2019,4:43 AM,36,34,94,CALM,0,0,30.17,0,Fair
11/5/2019,5:03 AM,36,34,93,CALM,0,0,30.15,0,Fair
11/5/2019,5:23 AM,35,34,93,CALM,0,0,30.15,0,Fair
11/5/2019,5:43 AM,35,33,93,CALM,0,0,30.15,0,Fair
11/5/2019,6:03 AM,35,33,93,CALM,0,0,30.15,0,Fair
11/5/2019,6:23 AM,35,33,94,CALM,0,0,30.15,0,Fair
11/5/2019,6:43 AM,35,33,93,CALM,0,0,30.15,0,Fair
11/5/2019,7:03 AM,35,33,93,CALM,0,0,30.15,0,Fair
11/5/2019,7:23 AM,35,33,93,CALM,0,0,30.15,0,Fair
11/5/2019,7:43 AM,37,35,93,CALM,0,0,30.15,0,Fair
11/5/2019,8:03 AM,39,38,94,CALM,0,0,30.15,0,Fair
11/5/2019,8:23 AM,43,41,93,CALM,0,0,30.15,0,Fair
11/5/2019,8:43 AM,46,44,93,CALM,0,0,30.15,0,Fair
11/5/2019,9:03 AM,49,43,79,CALM,0,0,30.15,0,Fair
11/5/2019,9:23 AM,52,39,61,SSE,3,0,30.15,0,Fair
11/5/2019,9:43 AM,53,39,59,CALM,0,0,30.14,0,Fair
11/5/2019,10:03 AM,53,38,57,SSE,6,0,30.14,0,Fair
11/5/2019,10:23 AM,54,37,54,SSE,5,0,30.14,0,Fair
11/5/2019,10:43 AM,54,37,52,S,3,0,30.14,0,Partly Cloudy
11/5/2019,11:03 AM,55,37,51,CALM,0,0,30.13,0,Fair
11/5/2019,11:23 AM,56,37,49,SSE,5,0,30.13,0,Fair
11/5/2019,11:43 AM,58,37,45,CALM,0,0,30.13,0,Fair
11/5/2019,12:03 PM,59,36,43,CALM,0,0,30.12,0,Fair
11/5/2019,12:23 PM,61,35,38,WSW,3,0,30.12,0,Fair
11/5/2019,12:43 PM,62,35,36,WNW,5,0,30.11,0,Fair
11/5/2019,1:03 PM,62,33,33,WSW,3,0,30.09,0,Fair
11/5/2019,1:23 PM,63,32,32,CALM,0,0,30.1,0,Fair
11/5/2019,1:43 PM,65,31,29,WNW,8,0,30.1,0,Fair
11/5/2019,2:03 PM,63,30,29,W,3,0,30.1,0,Fair
11/5/2019,2:23 PM,64,31,29,NNW,7,0,30.1,0,Fair
11/5/2019,2:43 PM,64,30,29,NW,9,0,30.1,0,Fair
11/5/2019,3:03 PM,64,31,29,WNW,7,0,30.1,0,Fair
11/5/2019,3:23 PM,63,31,30,NW,5,0,30.11,0,Fair
11/5/2019,3:43 PM,63,32,31,NNW,5,0,30.1,0,Fair
11/5/2019,4:03 PM,63,31,30,CALM,0,0,30.11,0,Fair
11/5/2019,4:23 PM,62,31,30,CALM,0,0,30.11,0,Fair
11/5/2019,4:43 PM,61,31,32,CALM,0,0,30.11,0,Mostly Cloudy
11/5/2019,5:03 PM,57,37,46,CALM,0,0,30.11,0,Partly Cloudy
11/5/2019,5:23 PM,55,38,53,CALM,0,0,30.12,0,Fair
11/5/2019,5:43 PM,53,38,58,CALM,0,0,30.12,0,Fair
11/5/2019,6:03 PM,51,38,62,CALM,0,0,30.12,0,Fair
11/5/2019,6:23 PM,49,38,66,CALM,0,0,30.13,0,Fair
11/5/2019,6:43 PM,48,39,71,CALM,0,0,30.14,0,Fair
11/5/2019,7:03 PM,47,38,69,CALM,0,0,30.14,0,Fair
11/5/2019,7:23 PM,47,40,77,CALM,0,0,30.14,0,Fair
11/5/2019,7:43 PM,46,37,72,CALM,0,0,30.15,0,Fair
11/5/2019,8:03 PM,46,38,74,CALM,0,0,30.15,0,Fair
11/5/2019,8:23 PM,45,39,81,CALM,0,0,30.15,0,Partly Cloudy
11/5/2019,8:43 PM,45,37,76,CALM,0,0,30.17,0,Partly Cloudy
11/5/2019,9:03 PM,44,37,78,CALM,0,0,30.17,0,Fair
11/5/2019,9:23 PM,43,38,81,CALM,0,0,30.19,0,Fair
11/5/2019,9:43 PM,43,37,80,CALM,0,0,30.19,0,Fair
11/5/2019,10:03 PM,43,37,79,CALM,0,0,30.19,0,Fair
11/5/2019,10:23 PM,43,38,82,CALM,0,0,30.2,0,Fair
11/5/2019,10:43 PM,42,37,81,CALM,0,0,30.21,0,Fair
11/5/2019,11:03 PM,42,36,80,CALM,0,0,30.21,0,Fair
11/5/2019,11:23 PM,42,36,78,CALM,0,0,30.22,0,Partly Cloudy
11/5/2019,11:43 PM,41,36,82,CALM,0,0,30.22,0,Fair
11/6/2019,12:03 AM,42,35,79,CALM,0,0,30.22,0,Fair
11/6/2019,12:23 AM,46,36,67,CALM,0,0,30.22,0,Fair
11/6/2019,12:43 AM,47,36,66,CALM,0,0,30.23,0,Fair
11/6/2019,1:03 AM,48,35,60,CALM,0,0,30.23,0,Fair
11/6/2019,1:23 AM,49,34,57,NNW,5,0,30.23,0,Fair
11/6/2019,1:43 AM,48,34,57,NNW,6,0,30.24,0,Fair
11/6/2019,2:03 AM,48,33,56,NNW,3,0,30.25,0,Fair
11/6/2019,2:23 AM,46,34,61,CALM,0,0,30.25,0,Fair
11/6/2019,2:43 AM,47,33,57,CALM,0,0,30.26,0,Fair
11/6/2019,3:03 AM,44,34,68,CALM,0,0,30.27,0,Fair
11/6/2019,3:23 AM,42,34,74,CALM,0,0,30.28,0,Fair
11/6/2019,3:43 AM,41,33,74,CALM,0,0,30.29,0,Fair
11/6/2019,4:03 AM,40,32,73,CALM,0,0,30.3,0,Fair
11/6/2019,4:23 AM,42,31,64,N,3,0,30.31,0,Fair
11/6/2019,4:43 AM,42,31,65,NNW,5,0,30.32,0,Fair
11/6/2019,5:03 AM,43,30,61,CALM,0,0,30.32,0,Fair
11/6/2019,5:23 AM,40,32,73,CALM,0,0,30.34,0,Fair
11/6/2019,5:43 AM,38,32,79,CALM,0,0,30.34,0,Fair
11/6/2019,6:03 AM,37,32,82,CALM,0,0,30.35,0,Fair
11/6/2019,6:23 AM,37,32,82,CALM,0,0,30.35,0,Fair
11/6/2019,6:43 AM,36,31,84,CALM,0,0,30.36,0,Fair
11/6/2019,7:03 AM,36,31,83,CALM,0,0,30.37,0,Fair
11/6/2019,7:23 AM,36,31,82,CALM,0,0,30.38,0,Fair
11/6/2019,7:43 AM,38,32,80,CALM,0,0,30.39,0,Fair
11/6/2019,8:03 AM,41,33,73,CALM,0,0,30.4,0,Fair
11/6/2019,8:23 AM,45,33,64,CALM,0,0,30.4,0,Fair
11/6/2019,8:43 AM,48,31,52,CALM,0,0,30.41,0,Fair
11/6/2019,9:03 AM,49,30,48,WNW,5,0,30.41,0,Fair
11/6/2019,9:23 AM,50,29,45,NNW,6,0,30.41,0,Fair
11/6/2019,9:43 AM,51,29,43,NW,5,0,30.42,0,Fair
11/6/2019,10:03 AM,52,28,39,WNW,8,0,30.42,0,Fair
11/6/2019,10:23 AM,53,27,37,NNW,7,0,30.42,0,Fair
11/6/2019,10:43 AM,53,26,36,NNW,6,0,30.42,0,Fair
11/6/2019,11:03 AM,53,27,36,WNW,5,0,30.41,0,Fair
11/6/2019,11:23 AM,53,26,34,CALM,0,0,30.4,0,Fair
11/6/2019,11:43 AM,54,23,30,WNW,7,0,30.4,0,Fair
11/6/2019,12:03 PM,55,25,32,SW,5,0,30.39,0,Fair
11/6/2019,12:23 PM,55,20,26,NNW,6,0,30.38,0,Fair
11/6/2019,12:43 PM,56,22,27,W,3,0,30.36,0,Fair
11/6/2019,1:03 PM,56,20,25,W,5,0,30.36,0,Fair
11/6/2019,1:23 PM,57,20,24,NNW,5,0,30.35,0,Fair
11/6/2019,1:43 PM,57,23,27,WSW,7,0,30.35,0,Fair
11/6/2019,2:03 PM,57,21,25,W,5,0,30.34,0,Fair
11/6/2019,2:23 PM,57,22,26,NE,3,0,30.33,0,Fair
11/6/2019,2:43 PM,57,22,25,WNW,3,0,30.33,0,Fair
11/6/2019,3:03 PM,57,22,26,CALM,0,0,30.33,0,Fair
11/6/2019,3:23 PM,57,22,25,CALM,0,0,30.33,0,Fair
11/6/2019,3:43 PM,57,22,26,CALM,0,0,30.33,0,Fair
11/6/2019,4:03 PM,57,23,27,W,3,0,30.33,0,Fair
11/6/2019,4:23 PM,57,23,27,CALM,0,0,30.33,0,Fair
11/6/2019,4:43 PM,56,23,28,CALM,0,0,30.33,0,Fair
11/6/2019,5:03 PM,53,29,40,CALM,0,0,30.33,0,Fair
11/6/2019,5:23 PM,49,30,48,CALM,0,0,30.33,0,Fair
11/6/2019,5:43 PM,47,32,55,CALM,0,0,30.34,0,Fair
11/6/2019,6:03 PM,46,32,57,CALM,0,0,30.34,0,Fair
11/6/2019,6:23 PM,45,32,60,CALM,0,0,30.34,0,Fair
11/6/2019,6:43 PM,43,32,64,CALM,0,0,30.34,0,Fair
11/6/2019,7:03 PM,43,32,65,CALM,0,0,30.34,0,Fair
11/6/2019,7:23 PM,42,32,68,CALM,0,0,30.34,0,Fair
11/6/2019,7:43 PM,42,35,76,CALM,0,0,30.33,0,Fair
11/6/2019,8:03 PM,42,32,69,CALM,0,0,30.33,0,Fair
11/6/2019,8:23 PM,41,32,71,CALM,0,0,30.33,0,Fair
11/6/2019,8:43 PM,40,32,73,CALM,0,0,30.33,0,Fair
11/6/2019,9:03 PM,40,32,74,CALM,0,0,30.33,0,Fair
11/6/2019,9:23 PM,39,32,76,CALM,0,0,30.33,0,Fair
11/6/2019,9:43 PM,39,32,76,CALM,0,0,30.32,0,Fair
11/6/2019,10:03 PM,39,32,76,CALM,0,0,30.33,0,Fair
11/6/2019,10:23 PM,39,32,78,CALM,0,0,30.32,0,Fair
11/6/2019,10:43 PM,39,33,78,CALM,0,0,30.32,0,Fair
11/6/2019,11:03 PM,39,33,79,CALM,0,0,30.31,0,Fair
11/6/2019,11:23 PM,38,33,81,CALM,0,0,30.31,0,Fair
11/6/2019,11:43 PM,39,34,83,CALM,0,0,30.31,0,Fair
11/7/2019,12:03 AM,39,33,80,CALM,0,0,30.29,0,Fair
11/7/2019,12:23 AM,39,33,80,CALM,0,0,30.3,0,Fair
11/7/2019,12:43 AM,39,34,80,CALM,0,0,30.3,0,Fair
11/7/2019,1:03 AM,39,34,82,CALM,0,0,30.29,0,Fair
11/7/2019,1:23 AM,40,34,79,CALM,0,0,30.27,0,Fair
11/7/2019,1:43 AM,40,34,78,CALM,0,0,30.27,0,Fair
11/7/2019,2:03 AM,41,35,81,CALM,0,0,30.25,0,Fair
11/7/2019,2:23 AM,41,35,79,CALM,0,0,30.25,0,Fair
11/7/2019,2:43 AM,41,35,80,CALM,0,0,30.24,0,Fair
11/7/2019,3:03 AM,42,36,79,CALM,0,0,30.24,0,Fair
11/7/2019,3:23 AM,42,36,80,CALM,0,0,30.24,0,Fair
11/7/2019,3:43 AM,42,36,79,CALM,0,0,30.23,0,Partly Cloudy
11/7/2019,4:03 AM,42,36,78,CALM,0,0,30.22,0,Fair
11/7/2019,4:23 AM,46,36,69,CALM,0,0,30.22,0,Fair
11/7/2019,4:43 AM,46,36,67,S,3,0,30.21,0,Partly Cloudy
11/7/2019,5:03 AM,47,36,65,CALM,0,0,30.2,0,Partly Cloudy
11/7/2019,5:23 AM,47,35,62,CALM,0,0,30.2,0,Fair
11/7/2019,5:43 AM,47,35,62,S,3,0,30.2,0,Fair
11/7/2019,6:03 AM,47,35,62,CALM,0,0,30.2,0,Fair
11/7/2019,6:23 AM,47,35,62,S,3,0,30.19,0,Partly Cloudy
11/7/2019,6:43 AM,47,35,62,CALM,0,0,30.19,0,Fair
11/7/2019,7:03 AM,47,35,61,S,3,0,30.17,0,Mostly Cloudy
11/7/2019,7:23 AM,48,35,60,S,3,0,30.18,0,Mostly Cloudy
11/7/2019,7:43 AM,48,35,60,SSW,5,0,30.18,0,Mostly Cloudy
11/7/2019,8:03 AM,49,36,60,SSE,5,0,30.17,0,Cloudy
11/7/2019,8:23 AM,49,36,61,S,7,0,30.16,0,Cloudy
11/7/2019,8:43 AM,50,36,59,S,6,0,30.15,0,Mostly Cloudy
11/7/2019,9:03 AM,51,36,56,SSW,5,0,30.16,0,Cloudy
11/7/2019,9:43 AM,51,35,54,SSW,7,0,30.15,0,Cloudy
11/7/2019,10:03 AM,52,35,52,S,5,0,30.15,0,Mostly Cloudy
11/7/2019,10:23 AM,53,36,52,S,3,0,30.13,0,Partly Cloudy
11/7/2019,10:43 AM,53,36,52,S,6,0,30.13,0,Mostly Cloudy
11/7/2019,11:03 AM,54,37,53,SSW,7,0,30.11,0,Cloudy
11/7/2019,11:23 AM,54,38,55,SW,8,0,30.1,0,Cloudy
11/7/2019,11:43 AM,55,39,56,SSW,8,0,30.09,0,Cloudy
11/7/2019,12:03 PM,55,39,56,S,6,0,30.06,0,Mostly Cloudy
11/7/2019,12:23 PM,55,40,58,S,6,0,30.04,0,Mostly Cloudy
11/7/2019,12:43 PM,55,41,58,SSW,5,0,30.03,0,Partly Cloudy
11/7/2019,1:03 PM,56,41,58,SSW,5,0,30.01,0,Mostly Cloudy
11/7/2019,1:23 PM,56,41,58,S,5,0,29.99,0,Mostly Cloudy
11/7/2019,1:43 PM,57,42,56,SW,6,0,29.99,0,Partly Cloudy
11/7/2019,2:03 PM,57,42,56,SW,3,0,29.98,0,Partly Cloudy
11/7/2019,2:23 PM,58,42,56,CALM,0,0,29.97,0,Fair
11/7/2019,2:43 PM,58,42,56,SW,5,0,29.96,0,Partly Cloudy
11/7/2019,3:03 PM,58,42,56,CALM,0,0,29.96,0,Partly Cloudy
11/7/2019,3:23 PM,58,43,57,CALM,0,0,29.94,0,Mostly Cloudy
11/7/2019,3:43 PM,58,43,57,W,3,0,29.95,0,Cloudy
11/7/2019,4:03 PM,58,43,57,NW,5,0,29.97,0,Cloudy
11/7/2019,4:23 PM,58,43,58,NNW,5,0,29.99,0,Cloudy
11/7/2019,4:43 PM,57,43,60,CALM,0,0,29.98,0,Cloudy
11/7/2019,5:03 PM,56,44,64,NNW,3,0,29.99,0,Cloudy
11/7/2019,5:23 PM,54,46,74,NNW,3,0,30,0,Cloudy
11/7/2019,5:43 PM,53,47,80,CALM,0,0,30,0,Cloudy
11/7/2019,6:03 PM,53,47,81,CALM,0,0,30,0,Cloudy
11/7/2019,6:23 PM,52,47,85,CALM,0,0,30,0,Cloudy
11/7/2019,6:43 PM,52,48,87,N,5,0,29.99,0,Cloudy
11/7/2019,7:03 PM,52,47,85,CALM,0,0,30,0,Cloudy
11/7/2019,7:23 PM,52,47,83,CALM,0,0,30,0,Cloudy
11/7/2019,7:43 PM,51,45,79,NNW,6,0,30,0,Cloudy
11/7/2019,8:03 PM,51,45,79,NNW,3,0,29.99,0,Cloudy
11/7/2019,8:23 PM,51,45,81,NW,3,0,30,0,Cloudy
11/7/2019,8:43 PM,50,45,82,NNW,3,0,30.01,0,Cloudy
11/7/2019,9:03 PM,50,45,83,NNW,3,0,30.01,0,Cloudy
11/7/2019,9:23 PM,50,43,79,NNW,5,0,30.01,0,Cloudy
11/7/2019,9:43 PM,49,42,76,NW,7,0,30.02,0,Cloudy
11/7/2019,10:03 PM,48,40,73,NNW,5,0,30.03,0,Cloudy
11/7/2019,10:23 PM,48,39,71,NNW,10,16,30.03,0,Cloudy
11/7/2019,10:43 PM,47,38,69,NW,8,0,30.04,0,Cloudy
11/7/2019,11:03 PM,47,36,67,NNW,10,16,30.03,0,Mostly Cloudy
11/7/2019,11:23 PM,46,34,63,NW,10,21,30.04,0,Cloudy
11/7/2019,11:43 PM,46,33,62,NNW,12,16,30.04,0,Cloudy
11/8/2019,12:03 AM,45,32,59,NNW,8,0,30.05,0,Mostly Cloudy
11/8/2019,12:23 AM,45,32,60,NW,12,18,30.06,0,Mostly Cloudy
11/8/2019,12:43 AM,44,31,59,NNW,9,16,30.06,0,Fair
11/8/2019,1:03 AM,43,30,59,NNW,7,16,30.06,0,Fair
11/8/2019,1:23 AM,43,28,57,NNW,10,0,30.07,0,Fair
11/8/2019,1:43 AM,42,28,56,NW,7,16,30.08,0,Fair
11/8/2019,2:03 AM,41,27,57,NNW,7,0,30.09,0,Fair
11/8/2019,2:23 AM,41,27,57,NNW,8,0,30.07,0,Fair
11/8/2019,2:43 AM,40,27,59,NW,5,0,30.07,0,Fair
11/8/2019,3:03 AM,40,26,59,NNW,3,0,30.08,0,Fair
11/8/2019,3:23 AM,38,27,63,NNW,3,0,30.08,0,Mostly Cloudy
11/8/2019,3:43 AM,39,26,60,NNW,7,0,30.08,0,Cloudy
11/8/2019,4:03 AM,40,25,55,NW,7,0,30.09,0,Cloudy
11/8/2019,4:23 AM,39,22,50,NW,7,17,30.1,0,Mostly Cloudy
11/8/2019,4:43 AM,38,20,47,NW,10,18,30.11,0,Partly Cloudy
11/8/2019,5:03 AM,37,18,46,NW,13,18,30.12,0,Fair
11/8/2019,5:23 AM,37,18,46,NNW,10,0,30.13,0,Fair
11/8/2019,5:43 AM,37,17,46,NNW,8,0,30.14,0,Fair
11/8/2019,6:03 AM,36,17,46,NW,7,0,30.15,0,Fair
11/8/2019,6:23 AM,36,18,48,NW,5,0,30.16,0,Fair
11/8/2019,6:43 AM,36,18,48,NNW,7,0,30.16,0,Mostly Cloudy
11/8/2019,7:03 AM,35,19,50,NNW,6,0,30.17,0,Partly Cloudy
11/8/2019,7:23 AM,36,19,51,NNW,7,0,30.18,0,Fair
11/8/2019,7:43 AM,36,19,49,NW,15,20,30.19,0,Fair
11/8/2019,8:03 AM,37,18,47,NW,14,20,30.2,0,Fair
11/8/2019,8:23 AM,38,19,47,NW,14,22,30.21,0,Fair
11/8/2019,8:43 AM,38,19,46,NW,13,20,30.22,0,Fair
11/8/2019,9:03 AM,38,17,42,NW,12,21,30.22,0,Fair
11/8/2019,9:23 AM,39,16,40,NW,14,23,30.22,0,Fair
11/8/2019,9:43 AM,38,16,40,N,12,22,30.23,0,Partly Cloudy
11/8/2019,10:03 AM,40,15,37,NNW,8,20,30.23,0,Fair
11/8/2019,10:23 AM,40,16,37,NW,17,0,30.23,0,Partly Cloudy
11/8/2019,10:43 AM,40,15,37,NNW,15,23,30.23,0,Partly Cloudy
11/8/2019,11:03 AM,40,16,37,NNW,12,18,30.23,0,Partly Cloudy
11/8/2019,11:23 AM,39,19,44,NW,10,17,30.23,0,Mostly Cloudy
11/8/2019,11:43 AM,39,16,39,NNW,12,17,30.22,0,Mostly Cloudy
11/8/2019,12:03 PM,40,15,36,NNW,9,0,30.21,0,Mostly Cloudy
11/8/2019,12:23 PM,40,14,34,NNW,9,16,30.21,0,Mostly Cloudy
11/8/2019,12:43 PM,40,13,34,NNW,9,16,30.21,0,Mostly Cloudy
11/8/2019,1:03 PM,41,14,33,NW,9,0,30.2,0,Mostly Cloudy
11/8/2019,1:23 PM,40,13,33,NW,10,16,30.21,0,Mostly Cloudy
11/8/2019,1:43 PM,41,13,32,NNW,8,18,30.2,0,Mostly Cloudy
11/8/2019,2:03 PM,40,13,34,NNW,8,12,30.21,0,Partly Cloudy
11/8/2019,2:23 PM,41,12,30,NNW,12,22,30.21,0,Mostly Cloudy
11/8/2019,2:43 PM,40,13,34,NW,6,17,30.21,0,Partly Cloudy
11/8/2019,3:03 PM,41,13,32,NNW,9,20,30.21,0,Partly Cloudy
11/8/2019,3:23 PM,41,13,33,NW,7,0,30.21,0,Partly Cloudy
11/8/2019,3:43 PM,40,12,32,WNW,9,0,30.22,0,Cloudy
11/8/2019,4:03 PM,40,12,32,NNW,5,0,30.22,0,Cloudy
11/8/2019,4:23 PM,40,12,32,WNW,7,0,30.23,0,Mostly Cloudy
11/8/2019,4:43 PM,39,13,35,NW,9,0,30.23,0,Partly Cloudy
11/8/2019,5:03 PM,39,13,34,NW,5,0,30.24,0,Partly Cloudy
11/8/2019,5:23 PM,39,13,35,NW,7,0,30.24,0,Mostly Cloudy
11/8/2019,5:43 PM,38,13,36,CALM,0,0,30.25,0,Partly Cloudy
11/8/2019,6:03 PM,38,13,36,NW,3,0,30.26,0,Fair
11/8/2019,6:23 PM,38,14,38,CALM,0,0,30.27,0,Fair
11/8/2019,6:43 PM,37,14,39,W,5,0,30.28,0,Fair
11/8/2019,7:03 PM,37,15,42,W,6,0,30.29,0,Fair
11/8/2019,7:23 PM,37,16,43,WNW,6,0,30.29,0,Fair
11/8/2019,7:43 PM,37,16,43,WNW,6,0,30.29,0,Fair
11/8/2019,8:03 PM,36,17,46,CALM,0,0,30.3,0,Fair
11/8/2019,8:23 PM,36,17,46,WNW,5,0,30.3,0,Fair
11/8/2019,8:43 PM,36,17,46,W,6,0,30.31,0,Fair
11/8/2019,9:03 PM,35,17,47,W,6,0,30.31,0,Fair
11/8/2019,9:23 PM,35,16,47,W,3,0,30.32,0,Fair
11/8/2019,9:43 PM,35,16,47,W,5,0,30.33,0,Fair
11/8/2019,10:03 PM,34,17,49,WNW,3,0,30.33,0,Fair
11/8/2019,10:23 PM,33,17,52,CALM,0,0,30.32,0,Fair
11/8/2019,10:43 PM,33,17,52,NNW,3,0,30.32,0,Fair
11/8/2019,11:03 PM,33,17,51,NNW,3,0,30.32,0,Fair
11/8/2019,11:23 PM,32,17,54,CALM,0,0,30.31,0,Fair
11/8/2019,11:43 PM,32,17,55,CALM,0,0,30.31,0,Fair
11/9/2019,12:03 AM,30,20,66,CALM,0,0,30.31,0,Fair
11/9/2019,12:23 AM,28,20,72,CALM,0,0,30.31,0,Fair
11/9/2019,12:43 AM,28,20,72,CALM,0,0,30.3,0,Fair
11/9/2019,1:03 AM,28,20,72,CALM,0,0,30.3,0,Fair
11/9/2019,1:23 AM,30,18,59,CALM,0,0,30.3,0,Fair
11/9/2019,1:43 AM,29,18,65,CALM,0,0,30.3,0,Fair
11/9/2019,2:03 AM,28,19,69,CALM,0,0,30.3,0,Fair
11/9/2019,2:23 AM,28,19,72,CALM,0,0,30.3,0,Fair
11/9/2019,2:43 AM,27,20,74,CALM,0,0,30.3,0,Fair
11/9/2019,3:03 AM,26,20,78,CALM,0,0,30.3,0,Fair
11/9/2019,3:23 AM,26,21,79,CALM,0,0,30.3,0,Fair
11/9/2019,3:43 AM,26,20,80,CALM,0,0,30.3,0,Fair
11/9/2019,4:03 AM,26,20,80,CALM,0,0,30.3,0,Fair
11/9/2019,4:23 AM,25,20,81,CALM,0,0,30.3,0,Fair
11/9/2019,4:43 AM,25,20,82,CALM,0,0,30.3,0,Fair
11/9/2019,5:03 AM,25,20,82,CALM,0,0,30.31,0,Fair
11/9/2019,5:23 AM,24,20,82,CALM,0,0,30.32,0,Fair
11/9/2019,5:43 AM,25,20,82,CALM,0,0,30.32,0,Fair
11/9/2019,6:03 AM,24,20,83,CALM,0,0,30.32,0,N/A
11/9/2019,6:23 AM,24,20,84,CALM,0,0,30.32,0,Fair
11/9/2019,6:43 AM,24,20,84,CALM,0,0,30.32,0,Fair
11/9/2019,7:03 AM,24,20,84,CALM,0,0,30.31,0,N/A
11/9/2019,7:23 AM,24,20,84,CALM,0,0,30.31,0,N/A
11/9/2019,7:43 AM,26,21,82,CALM,0,0,30.31,0,N/A
11/9/2019,8:03 AM,29,19,67,CALM,0,0,30.32,0,Fair
11/9/2019,8:23 AM,31,20,63,CALM,0,0,30.31,0,Fair
11/9/2019,8:43 AM,33,20,58,CALM,0,0,30.32,0,Fair
11/9/2019,9:03 AM,35,17,49,E,6,0,30.31,0,Fair
11/9/2019,9:23 AM,35,15,44,ESE,6,0,30.31,0,Fair
11/9/2019,9:43 AM,36,17,45,CALM,0,0,30.3,0,Fair
11/9/2019,10:03 AM,37,17,44,SE,3,0,30.3,0,Fair
11/9/2019,10:23 AM,38,17,43,CALM,0,0,30.29,0,Fair
11/9/2019,10:43 AM,39,17,41,CALM,0,0,30.28,0,Fair
11/9/2019,11:03 AM,40,16,38,SSW,3,0,30.28,0,Fair
11/9/2019,11:23 AM,40,15,36,CALM,0,0,30.27,0,Fair
11/9/2019,11:43 AM,40,16,37,S,6,0,30.26,0,Fair
11/9/2019,12:03 PM,40,15,35,CALM,0,0,30.25,0,Fair
11/9/2019,12:23 PM,42,16,35,SSE,5,0,30.23,0,Fair
11/9/2019,12:43 PM,44,17,33,SE,6,0,30.21,0,Fair
11/9/2019,1:03 PM,43,16,34,CALM,0,0,30.2,0,Fair
11/9/2019,1:23 PM,43,14,31,SSE,5,0,30.2,0,Fair
11/9/2019,1:43 PM,42,15,33,SW,7,0,30.19,0,Fair
11/9/2019,2:03 PM,42,15,33,SSW,6,0,30.18,0,Fair
11/9/2019,2:23 PM,42,15,33,SW,6,0,30.17,0,Fair
11/9/2019,2:43 PM,43,15,33,SW,3,0,30.16,0,Fair
11/9/2019,3:03 PM,44,15,32,SSW,5,0,30.16,0,Fair
11/9/2019,3:23 PM,42,15,33,SW,3,0,30.16,0,Fair
11/9/2019,3:43 PM,42,16,35,SSW,3,0,30.16,0,Fair
11/9/2019,4:03 PM,42,17,36,CALM,0,0,30.15,0,Fair
11/9/2019,4:23 PM,42,17,37,SSW,3,0,30.16,0,Fair
11/9/2019,4:43 PM,42,17,37,CALM,0,0,30.15,0,Fair
11/9/2019,5:03 PM,42,17,37,SSE,3,0,30.15,0,Fair
11/9/2019,5:23 PM,41,17,38,CALM,0,0,30.15,0,Fair
11/9/2019,5:43 PM,40,18,41,CALM,0,0,30.15,0,Fair
11/9/2019,6:03 PM,37,20,52,CALM,0,0,30.15,0,Fair
11/9/2019,6:23 PM,36,22,58,CALM,0,0,30.15,0,Fair
11/9/2019,6:43 PM,34,22,63,CALM,0,0,30.15,0,Fair
11/9/2019,7:03 PM,34,23,64,CALM,0,0,30.15,0,Fair
11/9/2019,7:23 PM,33,22,64,CALM,0,0,30.15,0,Fair
11/9/2019,7:43 PM,32,23,68,CALM,0,0,30.15,0,Fair
11/9/2019,8:03 PM,32,23,69,CALM,0,0,30.14,0,Fair
11/9/2019,8:23 PM,32,24,71,CALM,0,0,30.14,0,Fair
11/9/2019,9:03 PM,32,24,75,CALM,0,0,30.15,0,Fair
11/9/2019,10:03 PM,30,24,78,CALM,0,0,30.13,0,Fair
11/9/2019,10:23 PM,30,24,77,CALM,0,0,30.13,0,Fair
11/9/2019,10:43 PM,29,24,79,CALM,0,0,30.13,0,Fair
11/9/2019,11:03 PM,29,24,80,CALM,0,0,30.12,0,Fair
11/9/2019,11:23 PM,29,24,80,CALM,0,0,30.12,0,Fair
11/9/2019,11:43 PM,30,24,79,CALM,0,0,30.12,0,Fair
11/10/2019,12:03 AM,30,25,80,CALM,0,0,30.12,0,Fair
11/10/2019,12:23 AM,30,25,81,CALM,0,0,30.11,0,Fair
11/10/2019,12:43 AM,30,24,79,CALM,0,0,30.11,0,Fair
11/10/2019,1:23 AM,30,25,82,CALM,0,0,30.1,0,Mostly Cloudy
11/10/2019,1:43 AM,31,25,80,CALM,0,0,30.09,0,Cloudy
11/10/2019,2:03 AM,31,25,79,CALM,0,0,30.08,0,Cloudy
11/10/2019,2:23 AM,32,26,80,CALM,0,0,30.07,0,Cloudy
11/10/2019,2:43 AM,32,26,79,CALM,0,0,30.07,0,Mostly Cloudy
11/10/2019,3:03 AM,32,26,79,CALM,0,0,30.06,0,Partly Cloudy
11/10/2019,3:23 AM,32,26,79,CALM,0,0,30.06,0,Mostly Cloudy
11/10/2019,3:43 AM,32,27,83,CALM,0,0,30.05,0,Mostly Cloudy
11/10/2019,4:03 AM,32,28,83,CALM,0,0,30.05,0,Partly Cloudy
11/10/2019,4:23 AM,32,27,82,CALM,0,0,30.06,0,Fair
11/10/2019,4:43 AM,32,27,83,CALM,0,0,30.06,0,Partly Cloudy
11/10/2019,5:03 AM,32,28,84,CALM,0,0,30.06,0,Mostly Cloudy
11/10/2019,5:23 AM,33,28,82,CALM,0,0,30.05,0,Cloudy
11/10/2019,5:43 AM,33,28,82,CALM,0,0,30.04,0,Partly Cloudy
11/10/2019,6:03 AM,33,29,84,CALM,0,0,30.04,0,Partly Cloudy
11/10/2019,6:23 AM,34,28,81,CALM,0,0,30.04,0,Fair
11/10/2019,6:43 AM,35,28,76,CALM,0,0,30.04,0,Partly Cloudy
11/10/2019,7:03 AM,35,28,73,CALM,0,0,30.05,0,Partly Cloudy
11/10/2019,7:23 AM,38,26,63,CALM,0,0,30.07,0,Mostly Cloudy
11/10/2019,7:43 AM,39,26,60,CALM,0,0,30.07,0,Mostly Cloudy
11/10/2019,8:03 AM,39,26,60,S,3,0,30.07,0,Partly Cloudy
11/10/2019,8:23 AM,40,26,58,CALM,0,0,30.07,0,Fair
11/10/2019,8:43 AM,42,26,54,SW,5,0,30.06,0,Fair
11/10/2019,9:03 AM,42,26,53,S,5,0,30.06,0,Fair
11/10/2019,9:23 AM,43,27,53,CALM,0,0,30.05,0,Fair
11/10/2019,9:43 AM,44,26,51,SSE,5,0,30.05,0,Fair
11/10/2019,10:03 AM,44,27,51,CALM,0,0,30.05,0,Fair
11/10/2019,10:23 AM,47,28,48,CALM,0,0,30.05,0,Fair
11/10/2019,10:43 AM,48,27,45,CALM,0,0,30.04,0,Fair
11/10/2019,11:03 AM,50,28,42,CALM,0,0,30.04,0,Fair
11/10/2019,11:23 AM,51,27,40,CALM,0,0,30.02,0,Fair
11/10/2019,11:43 AM,52,27,38,S,3,0,30.02,0,Fair
11/10/2019,12:03 PM,53,27,37,CALM,0,0,30,0,Fair
11/10/2019,12:23 PM,53,27,37,SSE,6,0,30,0,Fair
11/10/2019,12:43 PM,54,28,37,SSE,6,0,29.99,0,Fair
11/10/2019,1:03 PM,54,28,36,S,3,0,29.99,0,Fair
11/10/2019,1:23 PM,54,27,36,S,3,0,29.99,0,Fair
11/10/2019,1:43 PM,54,28,37,SSE,5,0,29.99,0,Fair
11/10/2019,2:03 PM,55,27,35,SSE,7,0,29.99,0,Fair
11/10/2019,2:23 PM,54,28,37,CALM,0,0,29.98,0,Fair
11/10/2019,2:43 PM,54,28,37,CALM,0,0,29.98,0,Fair
11/10/2019,3:03 PM,54,28,37,CALM,0,0,29.99,0,Fair
11/10/2019,3:23 PM,54,29,38,S,3,0,29.98,0,Partly Cloudy
11/10/2019,3:43 PM,54,29,39,CALM,0,0,29.97,0,Mostly Cloudy
11/10/2019,4:03 PM,54,30,40,CALM,0,0,29.98,0,Mostly Cloudy
11/10/2019,4:23 PM,54,30,39,CALM,0,0,29.99,0,Mostly Cloudy
11/10/2019,4:43 PM,54,29,39,CALM,0,0,29.98,0,Partly Cloudy
11/10/2019,5:03 PM,53,29,40,CALM,0,0,29.98,0,Fair
11/10/2019,5:23 PM,51,32,47,CALM,0,0,29.98,0,Fair
11/10/2019,5:43 PM,49,32,53,CALM,0,0,29.98,0,Fair
11/10/2019,6:03 PM,47,33,56,CALM,0,0,29.99,0,Fair
11/10/2019,6:23 PM,46,33,62,CALM,0,0,29.99,0,Fair
11/10/2019,6:43 PM,44,33,66,CALM,0,0,29.99,0,Fair
11/10/2019,7:03 PM,43,33,69,CALM,0,0,30,0,Fair
11/10/2019,7:23 PM,44,35,72,CALM,0,0,30,0,Fair
11/10/2019,7:43 PM,44,34,68,CALM,0,0,30,0,Fair
11/10/2019,8:03 PM,44,34,68,CALM,0,0,30,0,Fair
11/10/2019,8:23 PM,43,35,73,CALM,0,0,30,0,Fair
11/10/2019,8:43 PM,42,34,73,CALM,0,0,29.99,0,Fair
11/10/2019,9:03 PM,42,33,72,CALM,0,0,30,0,Fair
11/10/2019,9:23 PM,40,33,78,CALM,0,0,29.99,0,Fair
11/10/2019,9:43 PM,40,33,75,CALM,0,0,29.99,0,Fair
11/10/2019,10:03 PM,39,34,82,CALM,0,0,29.99,0,Fair
11/10/2019,10:23 PM,40,33,78,CALM,0,0,29.99,0,Fair
11/10/2019,10:43 PM,39,33,79,CALM,0,0,29.99,0,Fair
11/10/2019,11:03 PM,38,33,82,CALM,0,0,29.99,0,Fair
11/10/2019,11:23 PM,38,32,81,CALM,0,0,29.99,0,Fair
11/10/2019,11:43 PM,38,33,82,CALM,0,0,29.99,0,Fair
11/11/2019,12:03 AM,37,33,83,CALM,0,0,29.99,0,Fair
11/11/2019,12:23 AM,37,32,83,CALM,0,0,30,0,Fair
11/11/2019,12:43 AM,37,33,83,CALM,0,0,30,0,Fair
11/11/2019,1:03 AM,37,33,85,CALM,0,0,30,0,Fair
11/11/2019,1:23 AM,37,32,85,CALM,0,0,30,0,Fair
11/11/2019,1:43 AM,36,32,87,CALM,0,0,29.99,0,Fair
11/11/2019,2:03 AM,36,33,88,CALM,0,0,30,0,Fair
11/11/2019,2:23 AM,35,33,91,CALM,0,0,29.99,0,Fair
11/11/2019,2:43 AM,35,33,91,CALM,0,0,30.01,0,Fair
11/11/2019,3:03 AM,35,33,92,CALM,0,0,30,0,Fair
11/11/2019,3:23 AM,35,33,93,CALM,0,0,30,0,Fair
11/11/2019,3:43 AM,35,33,93,CALM,0,0,30,0,Fair
11/11/2019,4:03 AM,34,33,93,CALM,0,0,30,0,Fair
11/11/2019,4:23 AM,34,32,94,CALM,0,0,30.01,0,Fair
11/11/2019,4:43 AM,34,32,94,CALM,0,0,30.01,0,Fair
11/11/2019,5:03 AM,34,32,94,CALM,0,0,30.01,0,Fair
11/11/2019,5:23 AM,34,32,93,CALM,0,0,30.02,0,Fair
11/11/2019,5:43 AM,33,32,95,CALM,0,0,30.02,0,Fair
11/11/2019,6:03 AM,33,32,95,CALM,0,0,30.02,0,Fair
11/11/2019,6:23 AM,33,32,95,CALM,0,0,30.02,0,Fair
11/11/2019,6:43 AM,33,32,96,CALM,0,0,30.02,0,Fair
11/11/2019,7:03 AM,33,32,95,CALM,0,0,30.03,0,Fair
11/11/2019,7:23 AM,34,32,94,CALM,0,0,30.04,0,Fair
11/11/2019,7:43 AM,35,33,94,CALM,0,0,30.04,0,Fair
11/11/2019,8:03 AM,37,35,93,CALM,0,0,30.04,0,Fair
11/11/2019,8:23 AM,39,38,93,CALM,0,0,30.04,0,Fair
11/11/2019,8:43 AM,41,40,94,CALM,0,0,30.04,0,Fair
11/11/2019,9:03 AM,44,41,88,CALM,0,0,30.04,0,Fair
11/11/2019,9:23 AM,48,38,69,CALM,0,0,30.03,0,Fair
11/11/2019,9:43 AM,49,38,66,CALM,0,0,30.03,0,Fair
11/11/2019,10:03 AM,52,39,62,SSE,3,0,30.03,0,Fair
11/11/2019,10:23 AM,53,39,59,CALM,0,0,30.02,0,Fair
11/11/2019,10:43 AM,55,39,55,CALM,0,0,30.01,0,Fair
11/11/2019,11:03 AM,57,38,49,CALM,0,0,30.01,0,Fair
11/11/2019,11:23 AM,60,39,46,CALM,0,0,30,0,Fair
11/11/2019,11:43 AM,62,39,42,CALM,0,0,29.99,0,Fair
11/11/2019,12:03 PM,63,37,38,CALM,0,0,29.98,0,Fair
11/11/2019,12:23 PM,64,38,37,CALM,0,0,29.96,0,Fair
11/11/2019,12:43 PM,66,36,32,S,5,0,29.94,0,Fair
11/11/2019,1:03 PM,67,34,30,WSW,5,0,29.94,0,Fair
11/11/2019,1:23 PM,67,33,28,SSW,5,0,29.94,0,Fair
11/11/2019,1:43 PM,67,33,28,CALM,0,0,29.92,0,Fair
11/11/2019,2:03 PM,68,33,27,S,6,0,29.92,0,Fair
11/11/2019,2:23 PM,68,32,26,SSW,5,0,29.9,0,Fair
11/11/2019,2:43 PM,69,32,25,S,5,0,29.89,0,Fair
11/11/2019,3:03 PM,68,31,26,S,6,0,29.89,0,Fair
11/11/2019,3:23 PM,68,31,26,SSE,5,0,29.88,0,Fair
11/11/2019,3:43 PM,67,30,25,SE,7,0,29.87,0,Fair
11/11/2019,4:03 PM,67,29,24,SSE,8,0,29.87,0,Fair
11/11/2019,4:23 PM,66,30,25,S,5,0,29.87,0,Fair
11/11/2019,4:43 PM,65,31,28,SSE,5,0,29.86,0,Fair
11/11/2019,5:03 PM,64,32,31,SSE,6,0,29.85,0,Fair
11/11/2019,5:23 PM,63,33,33,SSE,5,0,29.84,0,Fair
11/11/2019,5:43 PM,61,36,39,SE,5,0,29.83,0,Fair
11/11/2019,6:03 PM,59,40,50,SE,3,0,29.82,0,Fair
11/11/2019,6:23 PM,58,40,52,CALM,0,0,29.83,0,Fair
11/11/2019,6:43 PM,53,40,62,CALM,0,0,29.84,0,Fair
11/11/2019,7:03 PM,52,40,65,CALM,0,0,29.83,0,Fair
11/11/2019,7:23 PM,50,41,71,CALM,0,0,29.83,0,Fair
11/11/2019,7:43 PM,50,40,69,CALM,0,0,29.82,0,Fair
11/11/2019,8:03 PM,51,41,67,CALM,0,0,29.81,0,Fair
11/11/2019,8:23 PM,54,40,59,CALM,0,0,29.81,0,Fair
11/11/2019,8:43 PM,55,40,57,CALM,0,0,29.81,0,Fair
11/11/2019,9:03 PM,59,39,48,S,6,0,29.81,0,Fair
11/11/2019,9:23 PM,59,38,46,S,3,0,29.8,0,Fair
11/11/2019,9:43 PM,60,38,45,S,5,0,29.79,0,Fair
11/11/2019,10:03 PM,60,37,44,S,5,0,29.79,0,Fair
11/11/2019,10:23 PM,60,37,43,S,3,0,29.77,0,Fair
11/11/2019,10:43 PM,60,37,42,S,7,0,29.77,0,Fair
11/11/2019,11:03 PM,59,37,43,S,7,0,29.76,0,Fair
11/11/2019,11:23 PM,59,37,43,S,7,0,29.75,0,Fair
11/11/2019,11:43 PM,59,36,42,S,6,0,29.74,0,Fair